Employee ID,First Name,Last Name,Department,Position,Salary,Hire Date
101,Isaiah,Crawford,Support,Specialist,37700,2022-11-07
102,Kevin,Thompson,Marketing,Executive,47600,2024-01-26
103,Courtney,Morris,HR,Assistant,33700,2020-11-01
104,Jessica,Franklin,Operations,Staff,25400,2024-02-01
105,Austin,Holden,Operations,Staff,30400,2018-06-14
106,Jennifer,Fisher,Support,Agent,29800,2020-06-24
107,Kristen,Phillips,IT,Developer,41900,2017-11-29
108,Steven,Lee,Operations,Staff,27300,2024-02-18
109,Stephanie,Hicks,Operations,Manager,64900,2016-01-12
110,Chad,Daniels,Sales,Associate,32200,2022-06-30
111,Mitchell,Franco,IT,Manager,66500,2024-02-18
112,Jean,Ochoa,Sales,Manager,50500,2023-10-22
113,Patricia,Webster,HR,Coordinator,40200,2024-11-09
114,Bailey,Nichols,HR,Assistant,30500,2025-04-29
115,Carolyn,Cole,Support,Specialist,33200,2020-01-31
116,Megan,Patton,Marketing,Assistant,33500,2024-10-03
117,Paul,Simmons,Support,Manager,69600,2023-04-16
118,Jennifer,Hernandez,Finance,Manager,52700,2024-05-08
119,Gary,Rowland,Operations,Staff,29100,2020-12-20
120,Angela,Carlson,Support,Manager,58900,2024-08-25
121,James,Martinez,Operations,Supervisor,47000,2022-04-06
122,Elizabeth,Jones,Support,Manager,60200,2019-06-03
123,Jenna,Salazar,Support,Agent,29400,2020-04-20
124,Joshua,Brown,Support,Manager,59100,2017-11-17
125,Logan,Hinton,Support,Agent,30400,2024-10-31
126,Paul,Curtis,Support,Specialist,38500,2022-02-06
127,Joshua,Jackson,IT,Developer,56200,2022-08-08
128,Michael,Wise,Sales,Executive,49900,2020-05-16
129,Lauren,Ruiz,Support,Agent,28800,2025-01-10
130,Kara,Tyler,Operations,Staff,25300,2020-04-17
131,Rachel,Carroll,Finance,Manager,65700,2020-03-23
132,Susan,Roman,IT,Developer,55600,2017-07-03
133,Thomas,Murphy,Support,Manager,51500,2017-06-25
134,Marcus,Walker,HR,Manager,64500,2021-06-17
135,Nathan,Hall,Support,Manager,68800,2015-08-07
136,Timothy,Grant,Sales,Associate,36600,2024-12-15
137,Diane,Mooney,HR,Assistant,30500,2016-01-13
138,Mark,Evans,Finance,Clerk,30600,2018-12-18
139,Robert,Patterson,Marketing,Manager,58800,2023-04-18
140,Christopher,Curtis,Sales,Manager,65900,2020-01-03
141,Gloria,Francis,Finance,Analyst,43000,2016-11-22
142,Brian,Barnett,Finance,Analyst,43600,2023-10-08
143,Ashley,Thomas,Marketing,Manager,63100,2023-10-17
144,Spencer,Lowery,Support,Specialist,34100,2021-10-11
145,Amy,Kim,Finance,Clerk,32400,2022-12-13
146,Nicole,Bailey,Sales,Associate,32000,2023-09-04
147,Katherine,Shaw,Finance,Analyst,43400,2015-12-06
148,Justin,Meyer,HR,Manager,51900,2024-05-03
149,Ellen,Love,Finance,Analyst,54800,2024-09-21
150,Jennifer,Rocha,IT,Developer,55100,2022-07-08
151,Christine,Riley,Sales,Associate,39300,2020-04-16
152,Amanda,Garcia,HR,Manager,53700,2020-08-28
153,Heidi,Taylor,Operations,Staff,32200,2021-10-03
154,Richard,Hines,Marketing,Executive,37100,2015-09-11
155,Donna,Turner,Sales,Executive,36700,2021-01-30
156,Michael,Schmidt,Sales,Manager,50000,2020-12-07
157,Andrew,Cardenas,IT,Developer,59200,2024-05-02
158,Jerry,Webster,Operations,Staff,26200,2016-12-29
159,Donald,Simpson,Operations,Supervisor,38500,2020-02-01
160,David,Miller,Operations,Manager,54100,2017-12-27
161,Jeffrey,Mitchell,HR,Assistant,29000,2020-03-04
162,Paul,Hill,HR,Assistant,32000,2019-09-21
163,Kimberly,Wright,Finance,Analyst,45900,2018-05-04
164,Steven,Davis,Finance,Clerk,30400,2018-02-09
165,Anthony,Payne,Operations,Manager,67800,2017-05-05
166,Heather,Robbins,Marketing,Assistant,26100,2024-03-08
167,Dawn,Delgado,Sales,Associate,32300,2022-12-09
168,Jason,Howard,Marketing,Executive,38700,2018-11-17
169,Jennifer,Lee,Support,Manager,68700,2018-01-10
170,Leah,Russell,Sales,Associate,34200,2023-10-22
171,Amanda,Gonzalez,Sales,Manager,58300,2021-08-09
172,Steven,David,Marketing,Executive,39500,2018-11-09
173,Kimberly,Stephens,Sales,Associate,31000,2022-10-17
174,Wayne,Burns,HR,Assistant,31000,2019-01-13
175,Brittany,Salazar,IT,SysAdmin,50800,2018-06-15
176,Samantha,Hudson,Support,Agent,32700,2018-05-20
177,Maria,Williams,Finance,Clerk,26800,2016-09-19
178,Kelsey,Johnson,Operations,Manager,66300,2016-08-25
179,Ryan,Yu,Marketing,Executive,43300,2021-05-28
180,Paul,Vasquez,Marketing,Executive,39600,2016-02-19
181,Kim,Underwood,IT,Manager,53600,2020-11-04
182,Michael,Johnson,Marketing,Assistant,29800,2016-12-01
183,Mary,Richards,Marketing,Manager,59600,2020-06-15
184,Cynthia,Shields,Finance,Analyst,53100,2021-10-05
185,Grant,Moore,Marketing,Executive,35600,2021-10-13
186,Valerie,Herman,HR,Manager,45500,2023-06-17
187,Jonathan,Garcia,Marketing,Executive,44400,2024-09-07
188,Michael,Harrison,Operations,Supervisor,39800,2016-04-30
189,Lisa,King,Sales,Associate,34400,2024-06-14
190,Crystal,Young,Marketing,Manager,58100,2017-01-30
191,Omar,Vang,Operations,Staff,34400,2023-12-26
192,Ryan,Payne,IT,SysAdmin,54800,2022-08-28
193,Dillon,Sanford,Operations,Supervisor,41100,2022-04-16
194,Joanna,Garcia,Operations,Manager,45500,2019-12-21
195,Benjamin,Wagner,IT,Developer,40800,2022-03-27
196,Billy,Bishop,Operations,Supervisor,36000,2019-08-05
197,Aaron,Brown,Support,Specialist,33400,2016-01-12
198,Alicia,Davis,Operations,Manager,61000,2016-01-13
199,Jeffrey,Jones,Marketing,Manager,66400,2019-10-15
200,Scott,Munoz,Sales,Manager,55200,2019-05-26
201,Nicholas,Richardson,Sales,Executive,48300,2019-11-06
202,Eric,Pham,Marketing,Executive,35100,2018-04-01
203,Olivia,Cameron,Operations,Supervisor,47800,2022-05-05
204,Julie,Coleman,Operations,Manager,46100,2019-06-08
205,Claire,Taylor,Sales,Manager,69400,2015-08-13
206,Natalie,Diaz,Sales,Associate,34900,2021-07-23
207,Catherine,Thompson,Marketing,Executive,48300,2023-08-15
208,Shawna,Bernard,Finance,Analyst,42400,2022-01-31
209,Paul,Bond,Finance,Clerk,27300,2020-02-29
210,Rachel,Lara,Marketing,Manager,57200,2019-02-18
211,Sean,Hurley,Operations,Supervisor,44200,2023-01-15
212,Rodney,Bernard,Finance,Manager,48400,2024-06-09
213,Taylor,Rodriguez,Support,Specialist,39500,2023-03-02
214,Dale,Johnson,Operations,Staff,27500,2018-12-31
215,Maurice,Kim,IT,SysAdmin,42600,2020-11-23
216,Candice,Reyes,IT,Developer,58000,2016-07-03
217,Destiny,Rivas,Marketing,Assistant,32900,2021-06-13
218,Kara,Ward,Marketing,Assistant,30000,2018-06-09
219,Chelsea,Ferrell,HR,Manager,50900,2018-04-27
220,Steven,Young,IT,Developer,59900,2017-05-18
221,Isaac,Watson,HR,Manager,69900,2025-02-14
222,Aaron,Burke,Operations,Supervisor,48900,2016-12-13
223,Jennifer,Obrien,IT,Manager,63700,2019-06-14
224,James,Wade,Support,Agent,34300,2016-12-01
225,Jacob,Ortiz,HR,Manager,52400,2023-04-12
226,Eric,Lawrence,Sales,Manager,58100,2019-03-31
227,Mark,Navarro,Marketing,Assistant,26300,2017-12-13
228,Jeanne,Green,Marketing,Executive,40400,2018-03-13
229,Angel,Oneill,Operations,Manager,49200,2024-01-18
230,Cindy,Cherry,HR,Manager,46600,2016-03-27
231,Joseph,Rogers,Operations,Manager,65400,2019-10-23
232,William,Smith,Marketing,Manager,62300,2024-08-07
233,Anne,Fowler,Support,Specialist,32000,2020-08-26
234,Joan,Lowe,Marketing,Assistant,26600,2020-08-20
235,Paula,Mccullough,Operations,Manager,48600,2023-06-12
236,Claudia,Wade,Sales,Executive,42900,2020-04-03
237,Wendy,Butler,Finance,Analyst,48900,2015-12-16
238,Robert,Mays,Sales,Associate,32000,2022-09-06
239,Christopher,Monroe,IT,SysAdmin,53800,2020-01-25
240,Lisa,Manning,Finance,Clerk,33300,2016-10-03
241,David,Figueroa,Support,Manager,58900,2022-01-23
242,David,Butler,IT,Manager,45900,2017-09-04
243,Joshua,Smith,Marketing,Assistant,29500,2016-08-01
244,Tammy,Scott,HR,Assistant,30400,2023-08-13
245,Angela,Acosta,HR,Coordinator,39200,2020-04-25
246,Natalie,Johnson,Finance,Analyst,47900,2016-12-29
247,Ronald,Barnett,Finance,Clerk,31000,2020-03-10
248,Jeremiah,Morrison,Finance,Clerk,31800,2019-01-03
249,Courtney,Green,Sales,Manager,54700,2024-10-08
250,Jamie,Williams,IT,SysAdmin,49700,2018-09-04
251,Bryan,Tran,HR,Manager,45700,2020-10-20
252,Kyle,Buchanan,Marketing,Assistant,32300,2018-06-12
253,Tina,Clay,HR,Assistant,29300,2017-06-12
254,Kathleen,Miller,Support,Agent,26700,2020-02-29
255,Angela,Sandoval,Marketing,Assistant,25900,2016-07-19
256,Paula,Taylor,Marketing,Executive,37200,2023-10-30
257,Derrick,Nicholson,IT,Manager,66600,2019-12-29
258,Rhonda,Tran,Operations,Manager,45000,2022-02-24
259,Erin,Fleming,Support,Specialist,35500,2022-09-01
260,Matthew,Stephens,HR,Coordinator,39800,2022-04-07
261,Joe,Martinez,Operations,Manager,56100,2024-04-07
262,Gerald,Garcia,Marketing,Executive,40800,2018-12-08
263,Dylan,Brooks,Sales,Manager,68000,2021-04-27
264,Mary,Alvarado,Marketing,Manager,45700,2017-11-28
265,Matthew,Joseph,Marketing,Executive,49900,2017-11-23
266,Edgar,Martinez,Operations,Manager,50800,2016-09-29
267,Mark,Hutchinson,HR,Manager,64900,2017-02-26
268,Edward,Butler,Finance,Clerk,33500,2021-10-26
269,Patrick,Fisher,Finance,Clerk,30600,2023-01-26
270,Fernando,Wilson,Finance,Analyst,52800,2019-01-20
271,Jeremy,Davidson,HR,Assistant,31800,2015-07-16
272,Steven,Johnson,Finance,Analyst,46000,2016-07-30
273,Steven,Watkins,Support,Manager,66900,2016-12-06
274,Shelby,Carr,Sales,Executive,43200,2024-10-06
275,James,Berger,Support,Agent,27900,2022-09-24
276,Amber,Hoffman,Operations,Staff,26500,2019-11-14
277,Tracy,Gardner,Finance,Analyst,43900,2020-04-11
278,Bradley,Combs,Operations,Staff,29600,2024-08-06
279,Alyssa,Brown,Finance,Clerk,30500,2018-06-06
280,Nicole,Diaz,Operations,Manager,48500,2022-10-30
281,Stephen,Sims,Operations,Staff,27700,2018-11-10
282,Kyle,Byrd,Operations,Staff,29100,2016-09-05
283,Nicole,Hurley,IT,Manager,62100,2021-03-24
284,Gary,Beard,Sales,Executive,48200,2018-03-09
285,Victoria,Ortiz,Sales,Executive,37600,2021-11-24
286,Janice,Cochran,IT,Manager,66300,2017-07-08
287,Jillian,Livingston,IT,SysAdmin,47500,2015-05-24
288,Patricia,Phillips,Sales,Manager,59700,2020-05-09
289,Kristy,Cooke,Sales,Manager,54700,2023-11-09
290,James,Wilson,Finance,Manager,63400,2020-11-24
291,Trevor,Fox,Finance,Clerk,30500,2023-02-12
292,Kathleen,Barton,Sales,Associate,34700,2021-12-31
293,Alex,Cruz,HR,Assistant,33200,2016-10-12
294,Gary,Montgomery,IT,Manager,62100,2022-05-25
295,Mike,Hood,IT,Manager,66500,2017-09-07
296,Marco,Brown,IT,Manager,59700,2023-02-03
297,Sherry,Hernandez,Marketing,Executive,48100,2025-03-08
298,Elaine,Gallagher,Marketing,Manager,55800,2020-01-24
299,Chelsea,Pace,IT,Developer,55600,2019-05-30
300,Bruce,Walters,Operations,Supervisor,39300,2017-08-08
301,Charles,Rivera,IT,SysAdmin,43500,2024-10-10
302,Ashley,Gilmore,IT,SysAdmin,46100,2025-02-09
303,David,Peterson,Support,Agent,33400,2017-12-23
304,Virginia,Reyes,Support,Specialist,32300,2024-03-14
305,Andrea,Taylor,Operations,Manager,46200,2017-12-01
306,Katelyn,Valencia,Sales,Associate,37400,2019-08-27
307,Emma,Gibson,HR,Coordinator,36900,2022-05-01
308,Kim,Stone,Operations,Staff,34800,2023-12-20
309,Aaron,Frazier,Marketing,Executive,40300,2022-02-24
310,David,Tyler,Operations,Manager,68900,2024-09-12
311,Amanda,Martinez,HR,Assistant,30300,2020-06-19
312,Kara,Mcgrath,Operations,Manager,45900,2019-10-11
313,Jermaine,Ford,Support,Agent,26900,2022-08-31
314,Juan,Hernandez,HR,Assistant,33100,2021-10-02
315,Jon,Rogers,Sales,Executive,36000,2022-05-16
316,Adam,Perry,Support,Manager,54400,2018-04-24
317,Linda,Hudson,Marketing,Executive,42300,2019-10-11
318,Jacqueline,Fisher,Marketing,Manager,58600,2018-03-28
319,Chelsea,Flynn,IT,Manager,51900,2024-02-27
320,William,Lopez,Operations,Staff,34600,2020-01-23
321,Joshua,Harris,Finance,Manager,55900,2015-08-05
322,Nicole,Vega,Support,Manager,64300,2018-04-12
323,John,Thompson,Finance,Analyst,51300,2024-06-15
324,Antonio,Porter,IT,Developer,56200,2017-03-18
325,Kevin,Pace,Sales,Associate,32300,2015-08-31
326,Dana,King,Marketing,Executive,47500,2022-08-21
327,Donna,Davis,Finance,Manager,63100,2016-09-07
328,Jonathan,Thompson,Sales,Associate,38600,2023-05-27
329,Danielle,Johnson,Marketing,Assistant,30900,2017-04-02
330,Julia,Gomez,Finance,Clerk,28800,2017-01-05
331,Michael,Gordon,HR,Coordinator,33000,2022-01-08
332,Kaitlyn,Carr,HR,Coordinator,41500,2023-09-25
333,Chelsea,Simon,HR,Assistant,31900,2024-08-28
334,Shelby,May,Marketing,Manager,61900,2022-08-17
335,Katherine,Williams,Support,Agent,28100,2017-08-12
336,Michael,Pham,Sales,Manager,66100,2023-09-22
337,Joshua,Wright,HR,Coordinator,37700,2023-02-11
338,Deborah,Meyer,Finance,Analyst,52500,2024-04-20
339,Ann,Hoover,Sales,Manager,63400,2018-01-06
340,Kimberly,Pollard,Sales,Associate,36900,2017-05-20
341,Katherine,Maxwell,Operations,Staff,30000,2020-08-26
342,Theresa,Vaughn,Sales,Executive,42800,2019-11-20
343,Denise,Lucero,Operations,Staff,33600,2022-09-04
344,Melissa,Collins,Marketing,Executive,36300,2022-10-10
345,Michael,Long,Marketing,Executive,43800,2018-04-12
346,Autumn,Mccormick,Sales,Manager,63400,2020-06-20
347,Anita,Brennan,Marketing,Manager,47500,2017-04-03
348,Debbie,Brown,Sales,Manager,50500,2024-12-30
349,Bruce,Russo,Sales,Executive,41800,2018-12-14
350,Steven,Reynolds,Support,Agent,29800,2016-01-11
351,Joyce,Barr,Support,Specialist,30400,2018-12-17
352,Steve,Garcia,Marketing,Manager,69500,2017-02-26
353,Jeffrey,Newman,Operations,Supervisor,39800,2015-10-23
354,Kendra,Pruitt,Support,Specialist,43700,2021-11-03
355,Victoria,Nelson,Finance,Analyst,42400,2023-10-13
356,Colleen,Harrington,IT,Developer,40300,2016-10-28
357,Norma,Chapman,Operations,Supervisor,44500,2018-10-06
358,Zoe,Olson,Marketing,Manager,58700,2019-09-26
359,Daniel,Bell,IT,Manager,48300,2022-12-01
360,Christine,Buchanan,Sales,Associate,32400,2024-03-02
361,Maria,Dickerson,HR,Coordinator,33800,2018-03-27
362,Edward,Patel,Sales,Manager,55100,2016-06-27
363,George,Stone,Marketing,Manager,69600,2020-04-05
364,Cory,Burgess,Marketing,Executive,43200,2019-05-21
365,Amanda,Jordan,HR,Manager,46900,2019-05-13
366,April,Kemp,Support,Manager,51500,2015-07-05
367,Jessica,Harvey,Marketing,Manager,52300,2015-10-19
368,Renee,Luna,Support,Agent,25900,2016-02-08
369,Jamie,Martin,Support,Agent,27100,2021-05-17
370,Kristina,Ingram,Marketing,Assistant,34400,2020-12-13
371,Bradley,Jones,HR,Manager,68600,2021-11-29
372,Frank,Holt,IT,Developer,50100,2020-05-10
373,Alison,Williamson,IT,SysAdmin,46900,2017-12-13
374,Darren,Ward,IT,Developer,58900,2019-08-17
375,Daniel,Smith,Operations,Staff,34700,2024-03-08
376,Jacqueline,Mason,Finance,Manager,63900,2017-09-20
377,Thomas,Campbell,Operations,Staff,25600,2021-05-24
378,Margaret,Davis,IT,Manager,52700,2024-12-13
379,Aaron,Cruz,HR,Coordinator,39800,2020-06-16
380,Courtney,Jackson,Sales,Manager,46100,2016-11-11
381,Robin,Walker,HR,Coordinator,34000,2020-03-01
382,Cameron,Marshall,Marketing,Assistant,33500,2023-03-26
383,Samuel,Salinas,HR,Assistant,30700,2023-04-10
384,Lisa,Jackson,Support,Agent,33000,2017-08-22
385,Justin,Dorsey,Finance,Analyst,44300,2015-11-26
386,Derek,James,Sales,Manager,68200,2019-08-27
387,Tammy,Parker,Support,Manager,57800,2017-08-04
388,Kara,Taylor,IT,Manager,47000,2018-05-10
389,Trevor,Mccoy,Support,Manager,62400,2023-08-02
390,Mark,Bright,Finance,Analyst,54700,2021-02-08
391,Donald,Johnson,Sales,Associate,31400,2022-05-14
392,Michael,Baker,IT,Developer,42700,2018-12-29
393,Sarah,Olson,Finance,Manager,69800,2023-09-25
394,William,Hurst,Sales,Executive,36800,2019-11-21
395,Matthew,Atkins,IT,Developer,42300,2020-12-19
396,Donald,Morgan,Finance,Clerk,29500,2021-05-24
397,Wendy,Duncan,Sales,Associate,39400,2024-06-19
398,Jaclyn,Escobar,Finance,Clerk,29800,2019-07-18
399,Jacob,Castillo,Finance,Manager,65700,2022-11-01
400,Wendy,Byrd,Support,Manager,63300,2018-08-14
401,Timothy,Alexander,Support,Manager,58200,2021-10-02
402,Brian,Watson,Sales,Associate,31300,2024-05-10
403,Lori,Reyes,Sales,Associate,36100,2025-03-01
404,Laurie,Roy,Finance,Manager,59800,2024-11-06
405,Ronald,Edwards,IT,Manager,52900,2021-04-03
406,Tiffany,Morris,HR,Coordinator,36900,2018-12-16
407,Kimberly,Cervantes,Operations,Supervisor,47400,2025-03-23
408,Chad,Gray,Marketing,Assistant,34100,2015-09-28
409,Sean,Franco,Marketing,Executive,38400,2020-03-13
410,Mark,Gordon,Support,Agent,34500,2025-03-23
411,Michael,Arias,Marketing,Executive,36500,2022-02-12
412,Christie,Harrison,HR,Manager,68300,2022-01-14
413,Sabrina,Watkins,HR,Assistant,27200,2021-10-12
414,Kristin,Brooks,Support,Agent,33100,2024-05-26
415,Nicole,Pierce,Support,Specialist,30300,2015-06-21
416,Kathy,Randolph,Support,Manager,55900,2023-09-26
417,Kirk,Collins,Marketing,Executive,47200,2023-04-23
418,Anthony,Lopez,HR,Manager,58000,2019-12-27
419,Christopher,Schwartz,Finance,Analyst,47600,2021-05-02
420,Erin,Cannon,Sales,Associate,34500,2020-11-01
421,Laura,Washington,IT,Manager,47900,2018-09-19
422,Amanda,Clark,Finance,Clerk,26900,2018-07-18
423,Jillian,Campbell,Sales,Executive,41700,2022-03-03
424,Morgan,Byrd,Marketing,Manager,67600,2018-09-13
425,Troy,Martinez,IT,Developer,57800,2024-06-13
426,Paul,Maldonado,Operations,Supervisor,42800,2016-07-20
427,Jeremiah,Ryan,HR,Assistant,27900,2019-05-04
428,Lisa,Harris,Support,Manager,66200,2024-06-06
429,Mark,Morrow,Support,Agent,28800,2015-10-20
430,Laura,Mccoy,HR,Manager,54400,2024-05-10
431,Tiffany,Stone,IT,Developer,51500,2016-09-02
432,Rachel,Wood,Finance,Analyst,43600,2015-11-27
433,Shirley,Wade,HR,Coordinator,32100,2017-10-26
434,Kyle,West,IT,Developer,56200,2019-03-24
435,Anna,Wagner,Marketing,Assistant,34200,2022-09-11
436,Frank,Ramsey,Sales,Associate,33200,2024-04-01
437,Christina,Barker,Support,Agent,31300,2025-02-10
438,Christopher,Brown,IT,SysAdmin,41900,2015-07-21
439,Julie,Greer,Operations,Supervisor,48100,2022-12-08
440,David,Jordan,IT,SysAdmin,56000,2022-09-17
441,Kathy,Bennett,HR,Manager,49500,2020-05-28
442,Brenda,Young,Sales,Associate,30100,2016-04-26
443,Omar,Cook,Sales,Executive,46000,2017-04-20
444,Kevin,Green,Sales,Executive,43800,2020-10-01
445,Kathy,Tapia,Sales,Manager,60500,2018-10-24
446,Brandon,Reed,Finance,Manager,61300,2019-12-20
447,Todd,Clark,Support,Agent,26600,2017-05-16
448,Matthew,Knapp,Sales,Manager,47400,2025-02-14
449,Sherry,Fuller,Sales,Associate,38000,2016-12-15
450,Kristy,Johnson,Sales,Associate,33600,2024-05-09
451,Lindsey,Roberts,IT,Developer,46300,2022-02-26
452,Wendy,Howard,Sales,Executive,44200,2015-07-12
453,Joshua,Mendoza,Marketing,Assistant,27500,2021-04-27
454,Garrett,Bennett,Sales,Manager,64900,2022-09-06
455,Krystal,Martinez,HR,Manager,54700,2022-01-06
456,Tony,Osborne,IT,Manager,65200,2018-12-18
457,Ashley,Kennedy,Sales,Manager,67200,2023-05-28
458,Michele,Lamb,Operations,Supervisor,40000,2021-03-03
459,Deanna,Bray,Sales,Manager,56900,2022-02-07
460,Christopher,Lewis,Marketing,Executive,38400,2025-03-01
461,Lauren,Lopez,Sales,Manager,57600,2017-06-12
462,Bruce,Choi,HR,Coordinator,37100,2015-06-21
463,Kimberly,Goodman,HR,Coordinator,30600,2017-10-12
464,Christy,Johnson,Sales,Executive,41000,2024-09-23
465,David,Green,Marketing,Executive,41600,2022-04-26
466,Joseph,Lozano,Operations,Manager,58500,2021-04-27
467,Laura,Holland,Sales,Executive,35700,2024-02-27
468,Dana,Mckinney,Sales,Associate,36000,2025-01-07
469,Leslie,Hernandez,Finance,Clerk,34800,2022-04-24
470,Richard,Thompson,HR,Manager,58900,2018-06-07
471,John,Williams,Support,Manager,63100,2024-10-15
472,Kristi,Blevins,Operations,Staff,25900,2017-04-05
473,Jennifer,Gomez,Marketing,Assistant,32600,2024-07-09
474,Susan,Griffin,Operations,Staff,33000,2017-04-27
475,Ryan,House,Sales,Executive,37700,2022-07-23
476,Jessica,Morgan,Marketing,Executive,43300,2019-11-05
477,Kimberly,Nelson,Support,Manager,69600,2015-12-29
478,Vincent,White,Finance,Analyst,40000,2022-02-05
479,Donna,Cardenas,IT,Manager,46700,2016-03-06
480,Nicholas,Roberts,Support,Agent,29500,2017-05-25
481,Melissa,Rasmussen,Operations,Supervisor,37300,2025-04-28
482,Kimberly,Smith,IT,SysAdmin,58200,2025-02-19
483,Theresa,Fowler,Sales,Associate,39900,2022-07-06
484,Linda,Garcia,IT,SysAdmin,51600,2023-03-03
485,Olivia,Ramos,HR,Manager,53800,2023-05-17
486,Kristin,Frye,Support,Specialist,37600,2022-06-14
487,Herbert,Pittman,HR,Assistant,28800,2017-07-02
488,Victor,Morales,IT,Manager,62500,2021-04-05
489,Christopher,Cole,IT,SysAdmin,51400,2015-12-21
490,Lauren,Vazquez,Finance,Manager,65100,2024-04-28
491,Olivia,Richards,Operations,Supervisor,38200,2021-02-03
492,Megan,Rosario,Support,Agent,34500,2023-04-15
493,Dawn,Robinson,Support,Agent,26200,2020-01-03
494,Todd,Smith,IT,Manager,66300,2023-11-20
495,Bryan,Anderson,IT,Manager,49600,2024-05-19
496,Mark,Murray,IT,Developer,59400,2016-11-04
497,Frank,Nichols,Finance,Analyst,52700,2021-10-16
498,Hunter,White,IT,SysAdmin,59900,2018-01-05
499,Laura,Fox,HR,Coordinator,39800,2018-02-04
500,Tracie,Acosta,Marketing,Executive,41000,2022-11-10
501,Kimberly,Butler,Support,Agent,25600,2022-12-24
502,Brian,Zhang,Marketing,Manager,60700,2023-11-11
503,Barbara,Moran,Marketing,Manager,58000,2016-01-25
504,Steven,Torres,HR,Manager,61400,2024-11-18
505,Francisco,Hicks,Operations,Staff,30400,2021-10-04
506,Jose,Price,IT,Developer,43200,2018-09-27
507,Mercedes,Wood,Sales,Associate,30100,2022-01-09
508,Eric,Hamilton,Marketing,Manager,45600,2018-12-06
509,Stephanie,Miller,HR,Coordinator,31900,2015-08-14
510,Shari,Davidson,Finance,Clerk,32200,2022-05-28
511,Carlos,Bell,Sales,Associate,39800,2023-05-19
512,Andrew,Green,Sales,Executive,43600,2019-11-19
513,Carlos,Sims,HR,Assistant,31100,2021-10-11
514,Anna,Reed,Sales,Executive,49400,2020-03-24
515,Tristan,Trevino,Sales,Manager,58100,2019-01-24
516,Catherine,Valdez,Support,Manager,59600,2019-09-13
517,Kelly,Woodard,IT,Manager,55900,2017-11-23
518,Michael,Browning,Marketing,Manager,48200,2020-04-11
519,Amanda,Carlson,Sales,Associate,35600,2023-11-24
520,Jennifer,Abbott,Support,Manager,45200,2021-03-03
521,Wendy,Ali,Operations,Staff,31700,2020-10-11
522,Ashley,Clark,IT,Manager,63300,2017-08-25
523,Brandon,Melendez,IT,Manager,56200,2019-02-03
524,Melissa,Cox,Sales,Manager,62400,2023-06-06
525,Kimberly,Dunn,Operations,Staff,25200,2023-09-07
526,Samantha,Hall,Sales,Manager,52500,2023-02-06
527,Abigail,Goodwin,Finance,Analyst,43300,2020-01-28
528,James,Clark,IT,Manager,63200,2016-06-12
529,Linda,Foster,Sales,Associate,38700,2021-07-17
530,Vernon,Berry,Finance,Manager,47700,2023-04-12
531,Ryan,Gardner,Sales,Manager,63100,2016-03-19
532,Isabella,Krueger,HR,Assistant,26100,2024-10-21
533,Heather,Weeks,HR,Assistant,33700,2022-03-02
534,Kevin,Morris,Marketing,Assistant,30600,2021-04-12
535,Austin,Weber,Marketing,Manager,69600,2021-12-25
536,Emily,Fox,IT,SysAdmin,53600,2024-04-09
537,Angela,Blackwell,Marketing,Manager,68000,2015-09-07
538,Robert,Marquez,Sales,Manager,48700,2015-07-28
539,Hannah,Thomas,IT,SysAdmin,56800,2025-04-05
540,Tyrone,Barnett,HR,Assistant,31500,2022-08-19
541,Laura,Grant,Finance,Analyst,50700,2024-12-03
542,Lisa,Mcguire,Sales,Associate,34500,2024-01-12
543,Christopher,Hernandez,Marketing,Executive,45500,2018-07-05
544,Katherine,Young,Support,Specialist,34600,2023-10-10
545,Tony,Castro,Support,Manager,55100,2016-08-01
546,Erin,Gomez,IT,SysAdmin,54200,2023-03-04
547,Megan,Rogers,Marketing,Executive,44800,2017-06-30
548,James,Thomas,Marketing,Manager,47600,2016-09-21
549,Leslie,Green,Operations,Manager,46100,2018-07-02
550,Amy,Watkins,Operations,Supervisor,43500,2015-10-11
551,Michael,Harrison,Finance,Manager,50800,2018-05-18
552,Julie,Walters,IT,Manager,54300,2018-07-17
553,Noah,Novak,Operations,Manager,45900,2024-01-21
554,Joshua,Shelton,Operations,Manager,54800,2025-05-12
555,Maureen,Gray,Support,Specialist,39000,2021-07-31
556,Jenna,Montgomery,Marketing,Assistant,25300,2025-04-24
557,Cody,Black,Operations,Supervisor,45800,2021-05-09
558,Timothy,Harmon,Operations,Manager,64500,2020-12-25
559,Misty,Christian,Finance,Manager,68300,2020-06-24
560,Andrea,Perez,Support,Agent,33600,2020-03-05
561,Taylor,Black,Support,Specialist,32900,2018-10-04
562,Joseph,Lyons,Support,Specialist,33400,2015-08-14
563,Courtney,Fowler,Operations,Supervisor,44700,2019-02-19
564,Richard,Webb,IT,Manager,45400,2019-05-25
565,Cameron,York,Support,Manager,68800,2020-10-27
566,Dana,Smith,HR,Coordinator,38700,2018-10-17
567,Brian,Fernandez,IT,Manager,54000,2020-05-31
568,Joshua,Rogers,Marketing,Assistant,33000,2018-12-27
569,Thomas,Shaw,HR,Assistant,32900,2017-08-17
570,Kristen,Payne,Sales,Manager,50800,2016-08-12
571,John,Rodriguez,Support,Agent,26100,2017-05-09
572,Julia,Bowen,Finance,Analyst,50500,2018-12-05
573,Nicole,Sanchez,Operations,Staff,25400,2017-07-16
574,Daniel,Brown,Marketing,Executive,38400,2016-11-09
575,Gabrielle,Mahoney,Finance,Clerk,28700,2020-07-03
576,James,Suarez,Sales,Manager,62100,2018-05-25
577,Henry,Compton,Finance,Clerk,28400,2021-05-15
578,Vanessa,Turner,Marketing,Executive,39100,2024-07-12
579,Ronald,Roberts,Sales,Manager,46300,2023-03-12
580,Tracy,Ibarra,Finance,Manager,53700,2024-04-20
581,Cheryl,Parker,Support,Agent,29800,2023-10-12
582,Laura,Kim,Support,Manager,62100,2016-06-18
583,Kristopher,Silva,Operations,Supervisor,45700,2017-02-15
584,Douglas,Taylor,Sales,Associate,32400,2016-10-09
585,Hannah,Morales,HR,Manager,68000,2016-03-27
586,Riley,May,IT,SysAdmin,50100,2017-07-29
587,Samantha,Castro,Marketing,Executive,47700,2024-07-13
588,Elaine,Atkinson,Marketing,Manager,48000,2023-11-09
589,Justin,Bailey,IT,Developer,52700,2017-05-18
590,Charles,Gonzalez,Finance,Manager,52200,2022-08-03
591,Kristin,Bell,IT,Developer,51300,2019-09-15
592,Savannah,Bradford,Sales,Associate,31900,2018-11-16
593,David,Carr,Operations,Supervisor,45400,2015-11-15
594,Jeffrey,Proctor,Marketing,Manager,63300,2017-08-20
595,William,Banks,IT,Developer,45600,2022-04-21
596,Daniel,Brown,HR,Coordinator,40600,2016-06-30
597,Linda,Watson,Marketing,Executive,47200,2021-08-01
598,Elizabeth,Lee,Support,Agent,31700,2019-07-30
599,Amy,Collins,IT,SysAdmin,49300,2018-08-09
600,Molly,Douglas,Marketing,Executive,42000,2018-05-28
601,Jared,Rodriguez,Operations,Supervisor,42800,2016-12-08
602,Dwayne,Barnett,Support,Manager,62600,2016-05-16
603,Megan,Curry,Marketing,Executive,43600,2015-07-13
604,Eric,Vazquez,Marketing,Manager,61400,2016-12-29
605,Raven,Morgan,HR,Assistant,32700,2019-09-26
606,Colleen,Smith,Marketing,Manager,51800,2021-03-20
607,Sheila,Harris,Sales,Manager,50400,2019-10-13
608,Cynthia,Garcia,IT,SysAdmin,47500,2024-10-27
609,Walter,Graham,IT,SysAdmin,44000,2023-03-19
610,Tyrone,Barber,HR,Manager,51500,2023-12-23
611,Nathaniel,Bolton,Marketing,Executive,38600,2020-07-24
612,Jennifer,Choi,Finance,Manager,50000,2017-10-31
613,Marc,Riley,HR,Coordinator,37800,2016-06-14
614,Kayla,Stevens,HR,Manager,64800,2019-03-31
615,Marie,Gonzales,Marketing,Manager,47600,2016-10-29
616,Kristie,Wyatt,Sales,Executive,45900,2024-12-14
617,Nicholas,Willis,Sales,Associate,31500,2016-08-21
618,Heather,Hickman,Finance,Manager,50200,2024-01-10
619,Vincent,Johnson,Operations,Manager,49500,2022-04-30
620,James,Hoffman,Sales,Executive,40600,2020-03-11
621,William,Johnson,IT,Developer,52200,2024-07-05
622,Brittany,May,HR,Manager,53600,2022-11-03
623,Matthew,Campbell,Finance,Clerk,30000,2018-01-14
624,Abigail,Green,Operations,Staff,28400,2016-06-23
625,Anna,Fernandez,IT,Manager,58600,2021-03-27
626,Steven,Jones,HR,Manager,57900,2024-06-23
627,Cindy,Brooks,Support,Agent,31300,2022-03-28
628,Edgar,Moyer,IT,Manager,54100,2022-02-27
629,Alexander,Brewer,Finance,Clerk,33300,2016-01-10
630,Carrie,Sparks,Sales,Executive,36400,2018-09-02
631,Christopher,Rollins,Finance,Clerk,33000,2021-06-29
632,Susan,Eaton,Support,Agent,34900,2020-12-10
633,Jennifer,Austin,Marketing,Executive,49300,2019-04-24
634,Cheryl,Ali,Operations,Manager,60600,2017-08-02
635,Amy,Pennington,Marketing,Executive,49600,2017-10-24
636,Heather,Rodriguez,Marketing,Manager,52100,2019-12-05
637,Gerald,Wong,Support,Agent,30800,2019-02-15
638,Tyler,Hall,Sales,Manager,53800,2019-08-01
639,Alexandra,Simon,Sales,Associate,30000,2016-04-06
640,Joseph,Bell,HR,Coordinator,33700,2023-08-15
641,Denise,Jackson,Operations,Manager,52500,2015-06-28
642,Patricia,Caldwell,IT,SysAdmin,50000,2017-01-23
643,Henry,Turner,Finance,Clerk,27300,2025-04-17
644,Michael,Mendez,IT,SysAdmin,51800,2021-10-03
645,Ashley,Stewart,Support,Manager,62600,2023-06-13
646,Christine,Jones,Operations,Supervisor,36600,2017-12-02
647,Terry,Wolfe,IT,Manager,58600,2024-08-02
648,Levi,Cook,Finance,Manager,57500,2021-09-13
649,Angela,Hartman,IT,Developer,42600,2023-09-07
650,Robert,Howard,Finance,Clerk,34300,2021-05-03
651,Jeffrey,Morris,Sales,Executive,46900,2020-11-01
652,Diane,Bradley,Sales,Executive,47500,2016-03-18
653,Megan,Gaines,IT,Manager,59100,2015-09-28
654,Michael,Rollins,IT,Manager,53300,2015-08-29
655,John,Taylor,Sales,Associate,39700,2021-09-01
656,Martin,Foley,Support,Specialist,41900,2018-01-22
657,Makayla,Ramos,Marketing,Executive,48200,2020-04-23
658,Eric,Avila,Finance,Clerk,30800,2017-03-19
659,Diana,Ramirez,Sales,Executive,46100,2024-12-11
660,Michael,Robinson,Sales,Manager,50800,2021-03-13
661,Ernest,Caldwell,Marketing,Executive,41000,2022-07-25
662,Susan,Morris,IT,Developer,54200,2018-07-12
663,Amy,Davis,IT,Manager,57300,2024-06-09
664,Leon,Austin,IT,Manager,61300,2015-11-27
665,Dana,Vaughn,IT,Developer,55700,2024-09-27
666,Roger,Warner,Finance,Analyst,43600,2015-07-09
667,Laura,Williams,HR,Coordinator,32200,2023-03-24
668,Jennifer,Holden,Operations,Manager,64200,2017-07-16
669,James,Young,Sales,Manager,51400,2020-08-31
670,Kevin,Bass,Marketing,Executive,41700,2018-01-10
671,Alexis,Howard,Marketing,Manager,64000,2022-05-03
672,Christopher,Cohen,Finance,Analyst,43300,2021-09-21
673,Erin,Green,Support,Specialist,33000,2023-10-04
674,Austin,Shea,Marketing,Executive,48400,2022-09-26
675,Jessica,Smith,Support,Manager,62300,2018-04-30
676,Earl,Richardson,Operations,Staff,29000,2020-07-22
677,Tammy,Gilmore,IT,Developer,57200,2024-03-22
678,Suzanne,Meyers,HR,Coordinator,32400,2017-02-10
679,Patricia,Wiggins,Sales,Associate,33000,2017-09-29
680,Rodney,Green,IT,SysAdmin,47000,2025-05-04
681,Jasmin,Cox,Marketing,Executive,43400,2016-10-17
682,Alexis,Williams,Operations,Manager,60100,2023-06-02
683,Mariah,Griffin,IT,Manager,47400,2018-12-21
684,Deanna,Williams,IT,Manager,64800,2023-10-02
685,Alex,Jackson,Finance,Manager,59200,2020-10-26
686,Steven,Perez,Finance,Manager,56300,2018-11-01
687,Gail,Foster,Finance,Manager,67100,2022-07-07
688,Vincent,Morris,Sales,Manager,67800,2021-06-30
689,Ann,Martinez,HR,Assistant,32000,2025-01-04
690,Lisa,Keller,Marketing,Manager,49500,2020-08-21
691,Stephanie,Larson,Operations,Staff,28700,2024-10-20
692,Jennifer,Durham,Marketing,Executive,44800,2022-06-20
693,Robert,Boone,Sales,Associate,37600,2017-09-17
694,Stephanie,Mitchell,HR,Assistant,34700,2023-03-19
695,Savannah,Zamora,IT,Manager,59200,2017-11-05
696,Tina,Carter,HR,Manager,57400,2023-03-25
697,Dwayne,Moore,Operations,Manager,64900,2023-02-26
698,Ryan,Smith,IT,Developer,59800,2025-01-08
699,Crystal,Davis,Finance,Clerk,26600,2019-04-13
700,Jose,Young,Support,Agent,27100,2023-10-02
701,Gavin,Andrade,IT,SysAdmin,53500,2018-09-30
702,Leah,Rodriguez,HR,Assistant,28200,2019-12-09
703,Amanda,Knight,Marketing,Executive,48000,2018-01-18
704,Alyssa,Lee,IT,SysAdmin,52800,2015-10-22
705,Robin,Edwards,Marketing,Assistant,25600,2018-02-27
706,Anthony,Collins,Support,Manager,54200,2020-10-04
707,Marcus,Boyd,HR,Coordinator,36300,2021-06-14
708,Anna,Doyle,Support,Specialist,43900,2019-03-20
709,Joseph,Wheeler,Support,Specialist,33900,2018-03-27
710,Natalie,Day,Operations,Supervisor,44700,2016-05-13
711,Omar,Krause,IT,Developer,49900,2019-11-19
712,William,Santana,IT,SysAdmin,40600,2016-04-06
713,Kathy,Schroeder,Marketing,Manager,48100,2022-01-09
714,Ethan,Robinson,IT,Developer,46300,2021-06-08
715,Jermaine,Evans,Marketing,Assistant,30200,2021-04-02
716,Jessica,Murray,IT,Manager,61800,2015-07-26
717,Christina,Glover,HR,Assistant,28300,2025-04-23
718,Ronald,Anthony,Finance,Manager,58500,2025-05-11
719,Christopher,Long,IT,Developer,44900,2022-06-09
720,Hayley,Reynolds,Support,Agent,32200,2017-04-28
721,Lauren,Watts,Support,Agent,29900,2015-11-22
722,Tony,Henson,IT,Developer,40600,2023-03-13
723,Melissa,Robinson,Finance,Analyst,51500,2016-06-20
724,Christina,Poole,HR,Manager,57400,2023-12-11
725,Tracey,Brown,Sales,Associate,35100,2022-12-13
726,Randy,Kerr,IT,SysAdmin,52400,2023-11-02
727,Rachel,Edwards,IT,Manager,45000,2017-08-21
728,Matthew,Gordon,Sales,Associate,38700,2017-12-24
729,Theresa,Lang,Sales,Manager,46500,2019-12-16
730,Samantha,Hill,Sales,Manager,45600,2022-05-08
731,Andrew,Shah,Support,Specialist,36600,2015-11-25
732,Bradley,Reynolds,HR,Coordinator,36600,2016-05-19
733,Diane,Flores,Support,Agent,27800,2023-10-15
734,Michael,Brown,Operations,Staff,34800,2022-11-06
735,Melanie,Holland,Support,Specialist,40400,2021-07-25
736,Joseph,Miller,Support,Specialist,31500,2024-05-17
737,Marcus,Gonzales,Marketing,Assistant,26800,2015-06-17
738,Mary,Arellano,Finance,Manager,64100,2023-02-22
739,Meagan,Roy,Operations,Manager,58700,2018-04-23
740,Brian,Wilson,Operations,Staff,25100,2016-06-24
741,Pamela,Lin,Operations,Staff,34900,2016-09-03
742,Brian,Clay,Sales,Executive,43900,2023-10-10
743,Craig,Stewart,Finance,Analyst,42200,2017-12-23
744,Elizabeth,Fox,Support,Agent,25200,2020-05-07
745,Francis,Butler,Finance,Manager,46500,2020-04-07
746,Cassandra,West,Marketing,Assistant,33300,2024-04-22
747,Carl,Young,HR,Assistant,28400,2023-04-30
748,Stephanie,Perry,IT,Manager,65100,2017-12-31
749,Tyler,Lucas,Marketing,Manager,53700,2019-12-05
750,William,Williams,Sales,Manager,69300,2016-05-19
751,Monica,Middleton,Support,Specialist,35600,2020-08-02
752,Bonnie,Dixon,Marketing,Executive,45100,2025-01-25
753,Erin,Moran,Finance,Manager,51200,2025-04-03
754,Steven,Washington,Operations,Supervisor,44800,2021-04-20
755,Joseph,Powell,Sales,Manager,59100,2020-12-01
756,Cindy,Holmes,IT,Manager,51200,2025-03-29
757,Cassidy,Cook,Sales,Associate,38800,2018-04-08
758,Brittany,Smith,HR,Manager,50800,2017-06-11
759,Anne,Anderson,HR,Manager,46600,2019-07-23
760,Mary,Castillo,Sales,Executive,45900,2024-09-27
761,Garrett,Sharp,IT,Developer,57900,2021-03-07
762,Elizabeth,Hernandez,HR,Assistant,32000,2016-12-10
763,Jesse,Torres,IT,SysAdmin,43600,2019-05-04
764,Joe,Gay,HR,Manager,49900,2023-06-26
765,Mary,Logan,Marketing,Executive,37000,2023-01-30
766,Christina,Stewart,Operations,Manager,48200,2024-08-23
767,Benjamin,Fletcher,Finance,Clerk,28800,2018-07-20
768,Derek,Williams,Sales,Executive,46700,2020-10-19
769,Shane,Lewis,Sales,Executive,44300,2024-10-18
770,Jennifer,Howard,Support,Manager,63500,2024-04-14
771,Diana,Rowe,Finance,Analyst,51200,2019-09-15
772,William,Walker,Support,Specialist,37800,2024-09-07
773,Jennifer,Wolfe,Marketing,Executive,47200,2024-06-22
774,Judy,Fisher,Sales,Manager,53700,2017-01-01
775,Kiara,Navarro,Marketing,Manager,57500,2018-01-13
776,Kayla,Cunningham,IT,Manager,45200,2023-05-31
777,Pamela,Barnett,Operations,Manager,51100,2021-10-10
778,Emma,Kim,Marketing,Executive,48100,2019-07-19
779,Catherine,Green,IT,Developer,49500,2021-02-14
780,Edward,Wilcox,Support,Specialist,38100,2015-11-12
781,Lindsay,Lopez,Finance,Manager,61200,2015-10-12
782,Sarah,Mckee,Marketing,Assistant,30300,2023-05-29
783,Richard,Klein,Marketing,Assistant,26700,2017-01-20
784,Robin,Sullivan,Marketing,Manager,63300,2016-09-29
785,Kenneth,Hall,Support,Specialist,43400,2022-05-18
786,Robert,Hoffman,IT,Manager,51400,2024-07-06
787,Sonya,Shelton,IT,Manager,67600,2017-03-08
788,Erica,Gallegos,Support,Agent,28000,2020-02-27
789,Jennifer,Black,Finance,Analyst,54200,2022-09-04
790,Joshua,Goodman,Marketing,Manager,62500,2020-07-17
791,Jacqueline,Johnson,Finance,Analyst,46200,2016-12-26
792,Sandra,Clark,Marketing,Executive,44800,2020-04-12
793,Amber,Harrington,IT,Developer,55800,2021-02-22
794,Jessica,Cook,Marketing,Manager,51200,2022-08-15
795,David,Rodriguez,HR,Manager,62900,2015-06-17
796,Rachel,Chandler,Operations,Manager,67000,2023-08-03
797,Nancy,Alexander,IT,SysAdmin,45200,2025-02-20
798,Sarah,Hale,Sales,Executive,41900,2020-06-20
799,Brianna,Morrison,Support,Agent,26100,2018-07-02
800,Charlene,Richardson,Support,Agent,27400,2023-10-06
801,Jacob,Thompson,Support,Specialist,38700,2023-04-04
802,Amanda,Yang,Support,Agent,34300,2015-08-27
803,David,Smith,HR,Assistant,33800,2016-01-07
804,Joshua,Olson,Operations,Manager,66900,2019-05-04
805,Jack,Bennett,Finance,Analyst,54000,2019-06-06
806,Christopher,Holmes,Support,Manager,69000,2024-09-07
807,Frank,Tapia,IT,Manager,49800,2018-11-04
808,Logan,Barrett,Finance,Manager,54200,2015-05-26
809,Joseph,Harris,HR,Coordinator,39400,2017-11-07
810,Erica,Allen,HR,Manager,56100,2017-05-01
811,Karen,Bates,Marketing,Assistant,33200,2022-07-28
812,Christopher,Stephens,Operations,Staff,32000,2019-09-10
813,Danielle,Burns,Support,Manager,60400,2022-09-25
814,Brian,Cooper,Sales,Executive,44800,2024-06-10
815,Michael,Mccormick,Finance,Analyst,42400,2015-12-04
816,Cheryl,Frederick,Finance,Manager,66000,2017-01-06
817,Brian,Black,HR,Manager,52000,2018-10-16
818,Susan,Johnson,HR,Coordinator,30000,2019-04-08
819,Robin,Mckinney,Marketing,Executive,49500,2020-11-13
820,Ashley,Wright,IT,Manager,51700,2019-07-30
821,Candice,Griffin,IT,Developer,42500,2019-02-25
822,Denise,Johnson,HR,Coordinator,39800,2015-12-25
823,Katherine,Mays,HR,Coordinator,36700,2025-03-17
824,Timothy,Davis,Support,Manager,64700,2022-01-29
825,Kimberly,Smith,Marketing,Assistant,34400,2023-05-15
826,Nancy,Miller,Operations,Staff,27100,2025-03-14
827,James,Gardner,IT,Developer,55000,2018-01-12
828,Sarah,Fleming,Sales,Associate,30700,2021-09-02
829,Joseph,Wilson,HR,Manager,63400,2023-11-15
830,Gina,Allen,Operations,Manager,51100,2017-06-14
831,Alexandra,Stanton,Operations,Supervisor,48000,2020-08-23
832,Stephen,Thornton,IT,Manager,53900,2023-03-18
833,Derrick,Solis,Support,Manager,62800,2022-02-26
834,Juan,Coleman,Finance,Analyst,48000,2017-06-04
835,Rebecca,Kelley,IT,Developer,51900,2015-09-13
836,Willie,Williams,IT,Developer,48200,2020-05-03
837,Joseph,Ryan,HR,Manager,45900,2015-07-27
838,Karen,Riley,Marketing,Manager,66500,2022-07-14
839,April,Horton,Support,Specialist,36600,2022-09-19
840,Jose,Jones,IT,Manager,65900,2016-08-22
841,Kimberly,Jones,Sales,Associate,35100,2015-06-10
842,Shelby,Powers,Finance,Analyst,50100,2024-07-12
843,Angela,Vargas,IT,Developer,56000,2019-09-27
844,Michael,Ward,HR,Assistant,28900,2024-11-05
845,Christian,Gordon,HR,Coordinator,36600,2023-08-06
846,Lisa,Spencer,Marketing,Manager,64400,2020-08-24
847,Alexis,Jackson,HR,Manager,69000,2015-07-31
848,Justin,Newman,Sales,Manager,60600,2022-05-30
849,Lisa,Cox,Sales,Executive,35500,2021-07-06
850,Michael,Lamb,Operations,Staff,30000,2017-01-07
851,Jeanette,Daugherty,Support,Manager,56500,2020-09-26
852,Kevin,Bender,Finance,Clerk,25100,2022-11-09
853,Jeffrey,Evans,Operations,Staff,31100,2016-10-06
854,Katie,Newman,Operations,Supervisor,42100,2015-08-31
855,Brittany,Cabrera,Support,Agent,33500,2017-09-07
856,Andrew,Diaz,Finance,Analyst,44500,2017-11-14
857,Joseph,Aguilar,Sales,Associate,31200,2017-05-23
858,Monica,Lopez,Sales,Associate,35800,2024-05-06
859,James,Gonzales,Operations,Manager,62000,2017-06-07
860,Jonathan,Wiggins,Marketing,Executive,36200,2017-06-21
861,Aaron,Romero,Finance,Manager,48700,2023-04-13
862,Danielle,Miller,Marketing,Executive,42900,2025-01-18
863,Rebekah,Weiss,HR,Manager,63200,2025-01-13
864,Maureen,Yates,Finance,Analyst,44000,2025-05-01
865,Lisa,Lopez,Marketing,Assistant,33500,2017-12-08
866,Stephanie,Abbott,Support,Manager,55300,2021-04-13
867,Ricky,Reynolds,IT,SysAdmin,58500,2017-04-06
868,Sabrina,Hernandez,Marketing,Manager,48300,2021-09-20
869,Joshua,Guerrero,Support,Manager,64000,2019-12-20
870,Michelle,White,Finance,Analyst,51600,2023-01-14
871,Sandra,Sanchez,Support,Agent,27400,2023-07-15
872,Jill,White,HR,Assistant,31800,2016-11-02
873,Kevin,Bell,HR,Coordinator,33400,2018-10-10
874,Robert,Rogers,Support,Specialist,38100,2015-12-05
875,Jonathan,Hahn,Support,Agent,34100,2023-11-17
876,Alan,Robles,IT,SysAdmin,55800,2024-07-20
877,Diane,Mccarthy,HR,Assistant,26000,2025-05-03
878,Christine,Rice,Operations,Staff,33100,2020-08-27
879,Abigail,Delgado,Support,Manager,69000,2021-09-18
880,Robin,Ross,Sales,Associate,36000,2019-05-21
881,Debra,Smith,Marketing,Assistant,29900,2021-01-26
882,Patrick,Murphy,Marketing,Executive,40500,2015-10-09
883,Kristie,Gutierrez,HR,Coordinator,39100,2017-11-07
884,Gregory,Richardson,IT,SysAdmin,51700,2021-08-07
885,Amanda,Martin,Marketing,Executive,45800,2024-11-04
886,Thomas,Young,Finance,Analyst,40600,2016-04-23
887,Daniel,Cunningham,IT,SysAdmin,49400,2021-04-14
888,Kyle,Williams,Support,Agent,31000,2021-01-21
889,Richard,Franco,Marketing,Manager,45600,2022-12-04
890,Patricia,Herring,Finance,Clerk,27000,2021-10-07
891,Morgan,Peterson,IT,Manager,55200,2024-02-08
892,Peter,Jimenez,Sales,Executive,35100,2024-09-25
893,Erika,Walker,Marketing,Assistant,32300,2023-10-19
894,Kathryn,Oconnell,Sales,Associate,34200,2024-10-13
895,Lori,Hancock,HR,Manager,67400,2024-01-11
896,Theodore,Gonzalez,Operations,Staff,32800,2015-11-20
897,Christopher,Perry,Finance,Manager,56700,2023-01-08
898,Christine,Hayes,Finance,Manager,61100,2023-06-29
899,Bianca,Colon,Sales,Executive,39800,2015-09-18
900,Kayla,Lowery,IT,Manager,63600,2023-11-01
901,Jean,Zamora,Operations,Supervisor,40000,2023-08-28
902,Megan,Hunter,IT,Manager,62500,2021-04-11
903,Erin,Sanchez,IT,Manager,52100,2023-03-14
904,Bryan,Nelson,Finance,Clerk,34200,2025-02-24
905,Kimberly,Lopez,Sales,Associate,32800,2023-07-03
906,Melissa,Lang,Sales,Associate,34900,2016-12-07
907,David,Perez,Support,Manager,55300,2025-02-23
908,Eric,Cohen,IT,Developer,43100,2015-12-21
909,Adam,Greer,Sales,Executive,45000,2017-01-10
910,James,Barry,HR,Assistant,25600,2022-07-14
911,Tyler,Johnston,Operations,Supervisor,43200,2023-07-05
912,Anna,Sheppard,Marketing,Manager,56800,2018-01-12
913,Jasmine,Dickerson,IT,Manager,61100,2019-11-18
914,Wendy,Riggs,Finance,Analyst,40800,2022-12-07
915,Kari,Lopez,Operations,Supervisor,42600,2015-12-22
916,Amy,Lewis,Support,Agent,34800,2021-02-16
917,Ernest,Mooney,Sales,Associate,39100,2017-12-30
918,Susan,Dudley,Support,Specialist,42400,2018-12-10
919,Lori,Wise,Operations,Supervisor,49000,2020-06-06
920,Marc,Castillo,Support,Manager,48400,2020-08-21
921,Joseph,Holt,Sales,Manager,65600,2019-11-13
922,Greg,Long,IT,Manager,58200,2020-05-04
923,Erin,Lucas,HR,Manager,52300,2018-06-02
924,Nancy,Abbott,Finance,Manager,62700,2019-02-25
925,Lori,Adkins,Marketing,Manager,54000,2023-07-03
926,Sarah,Price,HR,Manager,46100,2017-02-23
927,Daniel,Kaiser,Marketing,Executive,45600,2025-03-25
928,Shari,Stephens,HR,Coordinator,30500,2022-05-04
929,James,Jackson,Operations,Staff,26700,2023-03-01
930,John,Wood,Operations,Supervisor,39000,2023-01-13
931,Bianca,Stewart,IT,SysAdmin,42500,2018-04-30
932,Elizabeth,Nguyen,IT,SysAdmin,43200,2018-08-02
933,Kristina,Hughes,Operations,Staff,33200,2019-04-08
934,Tiffany,Haynes,HR,Coordinator,32100,2020-07-26
935,Sandra,Evans,Marketing,Assistant,31700,2017-12-22
936,Christy,Luna,Marketing,Manager,60000,2017-04-18
937,Dustin,Brown,HR,Coordinator,32300,2024-10-31
938,Aaron,Byrd,Support,Manager,67900,2019-09-28
939,Lori,Douglas,Support,Agent,27700,2017-06-18
940,Matthew,Patrick,Finance,Analyst,50000,2024-04-26
941,Donna,Ford,Finance,Manager,67200,2017-04-06
942,Chris,Best,HR,Assistant,34600,2024-04-19
943,Shannon,Michael,Support,Agent,30900,2023-08-24
944,Pamela,Brown,HR,Assistant,28900,2018-09-01
945,Briana,Shaw,Operations,Staff,25400,2021-09-24
946,Tammy,Graham,Finance,Clerk,26500,2021-01-03
947,Kevin,Young,Sales,Manager,68900,2024-11-10
948,Barbara,Williams,IT,SysAdmin,50800,2017-08-17
949,Kara,Walsh,Sales,Associate,36900,2025-04-13
950,Tamara,Anderson,Sales,Executive,35000,2023-04-20
951,Brian,Nelson,Marketing,Assistant,31100,2021-07-18
952,Tiffany,Lee,Support,Agent,29400,2017-02-23
953,Alexis,Johnson,Finance,Manager,63300,2019-04-02
954,Robert,Gallagher,Sales,Associate,31500,2016-03-22
955,Michelle,Baker,Finance,Analyst,47000,2020-05-05
956,Maria,Bishop,Operations,Staff,26200,2021-09-26
957,Jeffrey,Ramirez,HR,Manager,50300,2023-11-10
958,Christopher,Harris,Sales,Manager,62900,2023-12-11
959,John,Burgess,Marketing,Assistant,29100,2021-06-10
960,Matthew,Hart,Operations,Supervisor,40500,2021-04-27
961,Brian,Smith,Operations,Staff,32300,2020-01-02
962,Cynthia,Johnson,Operations,Staff,27200,2016-01-31
963,Debra,Baldwin,IT,Developer,43600,2020-04-13
964,Steven,White,Operations,Manager,52500,2024-07-31
965,Melinda,Anderson,Finance,Clerk,28800,2019-10-30
966,Bryan,Dominguez,IT,Developer,54700,2025-04-02
967,Thomas,Hamilton,Finance,Analyst,52500,2015-09-29
968,Lance,Escobar,Sales,Executive,38100,2015-06-14
969,Shelby,Mason,Sales,Executive,41500,2023-12-14
970,Kelly,Benson,HR,Manager,53400,2015-09-07
971,Keith,Harris,Operations,Staff,33100,2020-07-23
972,Devin,Oneill,Operations,Supervisor,38900,2022-06-10
973,Robert,Rice,IT,SysAdmin,40900,2024-10-12
974,Brian,Baker,IT,SysAdmin,40200,2021-10-30
975,Jennifer,Roberts,Finance,Manager,64200,2017-04-08
976,John,House,Operations,Staff,32400,2019-10-17
977,James,Ramsey,HR,Manager,62900,2021-10-11
978,Gail,Wright,Sales,Associate,31200,2024-12-11
979,Reginald,Murphy,Marketing,Manager,52000,2021-12-18
980,Kayla,Carlson,IT,SysAdmin,42500,2019-12-12
981,Stephanie,Freeman,IT,SysAdmin,40300,2019-03-05
982,William,Hale,Operations,Manager,66300,2025-01-05
983,Kimberly,Kim,Support,Manager,69800,2022-04-17
984,Scott,Martin,Sales,Associate,30700,2020-04-26
985,Nancy,Gardner,Finance,Manager,50900,2024-12-28
986,Derrick,Smith,Marketing,Manager,66300,2024-10-03
987,Christy,Bailey,Support,Specialist,33400,2021-01-12
988,William,Becker,IT,Manager,50200,2015-08-01
989,Jorge,Tran,Marketing,Assistant,27300,2020-07-03
990,Paul,Ellis,Marketing,Assistant,26200,2019-03-21
991,Andrea,Glenn,Support,Manager,69200,2017-12-13
992,Stephen,Payne,Marketing,Executive,45800,2024-08-15
993,Roberta,Mathis,Operations,Manager,65600,2017-01-26
994,Jennifer,Hughes,Operations,Supervisor,37100,2021-01-21
995,Mark,Harris,Support,Agent,28200,2017-09-16
996,Robert,Harris,Finance,Analyst,48900,2018-11-16
997,Amy,Dudley,Support,Specialist,30700,2016-06-29
998,Pamela,Briggs,Operations,Manager,50500,2017-09-18
999,Adrian,Whitehead,Operations,Manager,61800,2024-04-06
1000,Reginald,Tate,Support,Manager,57100,2022-09-11
1001,Victoria,Butler,IT,SysAdmin,48900,2021-12-26
1002,Kathryn,Huang,IT,Developer,57700,2021-06-15
1003,Richard,Nash,IT,Manager,63900,2025-03-18
1004,David,Allen,IT,SysAdmin,59900,2021-10-04
1005,Daniel,Chapman,Operations,Supervisor,37900,2023-05-15
1006,Elizabeth,Griffin,HR,Coordinator,41200,2020-08-04
1007,Virginia,Carter,HR,Assistant,30700,2021-03-01
1008,Bethany,Ortega,Support,Agent,29500,2016-10-03
1009,Adam,White,Marketing,Assistant,28900,2018-12-10
1010,Kaitlin,Cole,Finance,Clerk,33000,2021-01-31
1011,Kathy,Bowman,Sales,Executive,49200,2016-10-31
1012,Benjamin,Mckenzie,Finance,Analyst,48900,2018-04-03
1013,Elizabeth,Dominguez,Support,Agent,25500,2020-06-06
1014,Natasha,Turner,HR,Manager,50100,2018-04-26
1015,Alicia,Simmons,IT,Developer,56200,2023-07-08
1016,Bonnie,Huynh,Operations,Manager,60100,2020-05-26
1017,Mario,Lynch,Marketing,Manager,63200,2019-05-11
1018,Cassandra,Perkins,HR,Coordinator,37500,2017-05-03
1019,Jean,Robinson,Sales,Associate,36200,2024-04-26
1020,Diamond,Fleming,HR,Manager,49400,2017-12-16
1021,Brendan,Briggs,IT,Developer,44500,2016-11-05
1022,Heather,Daugherty,Operations,Supervisor,47300,2015-06-03
1023,James,Mccormick,IT,Manager,63300,2019-06-17
1024,Christy,Jackson,Marketing,Manager,47300,2015-08-24
1025,Jordan,Brown,IT,SysAdmin,57200,2024-01-23
1026,Michael,Sexton,Finance,Manager,52400,2015-12-05
1027,Jorge,Brooks,Operations,Manager,58000,2015-10-01
1028,Gloria,Myers,Marketing,Executive,42400,2021-01-16
1029,Ian,Burns,Finance,Manager,69900,2016-08-03
1030,Matthew,Villegas,Operations,Staff,32400,2021-10-04
1031,Jeremy,Romero,Operations,Supervisor,37900,2020-12-09
1032,Karl,Hall,IT,Manager,59300,2016-07-12
1033,Kevin,Harding,Support,Manager,47500,2022-09-19
1034,Stephanie,Graves,HR,Coordinator,33600,2021-01-04
1035,Christina,Cruz,HR,Coordinator,32500,2017-01-27
1036,Jose,Martinez,IT,SysAdmin,50200,2023-10-21
1037,Jonathan,Clark,HR,Manager,48200,2024-08-31
1038,Taylor,Moore,HR,Manager,48300,2021-08-05
1039,Gina,Ruiz,Sales,Manager,60600,2023-01-16
1040,Pam,Moore,Marketing,Executive,37500,2018-05-16
1041,Jody,Stewart,HR,Manager,51800,2018-03-21
1042,Danielle,Johnson,Support,Agent,29400,2016-05-24
1043,Alice,Williams,Operations,Supervisor,43200,2018-02-27
1044,Jeffrey,Green,Finance,Clerk,25600,2023-01-05
1045,Brandon,Aguirre,HR,Assistant,31000,2022-04-20
1046,Steven,Conrad,Support,Specialist,37900,2023-02-19
1047,Jessica,York,Sales,Executive,36400,2022-01-15
1048,Amy,Powell,Marketing,Manager,69600,2018-10-03
1049,Tammy,Fuller,Finance,Analyst,44000,2018-02-16
1050,Lauren,Baker,Finance,Analyst,54600,2023-08-17
1051,Shawna,Wells,Support,Specialist,39100,2017-08-31
1052,Cynthia,Clark,Sales,Associate,35800,2022-06-17
1053,Vanessa,Lewis,IT,Developer,52600,2023-02-26
1054,Patricia,Murphy,Finance,Manager,65900,2025-04-11
1055,Benjamin,Miles,IT,Developer,42700,2021-04-03
1056,Troy,Lynch,Operations,Supervisor,41000,2023-07-24
1057,Craig,Ruiz,Finance,Analyst,46300,2023-06-14
1058,Ronald,Graves,HR,Manager,49900,2015-10-31
1059,Joseph,Green,Support,Specialist,36100,2018-03-23
1060,Stephanie,Warner,Operations,Staff,31600,2022-06-16
1061,Andrew,Conner,Operations,Manager,59800,2025-02-12
1062,Amber,Manning,IT,SysAdmin,40500,2024-11-23
1063,Robert,Freeman,Finance,Clerk,30100,2020-01-21
1064,Jonathan,Pearson,HR,Assistant,34100,2020-11-23
1065,Misty,Donovan,IT,Manager,64800,2022-08-27
1066,Susan,Strong,Support,Specialist,39800,2021-09-15
1067,Jose,Nguyen,HR,Assistant,25900,2021-06-01
1068,Michael,Nolan,Finance,Analyst,47500,2016-10-10
1069,Charles,Wagner,Finance,Analyst,48700,2020-06-19
1070,Jason,Cole,Sales,Associate,33700,2017-04-08
1071,Julie,Thomas,IT,Developer,44700,2016-02-13
1072,Amy,Rodriguez,Support,Specialist,33200,2021-07-21
1073,Anita,Mcclain,Finance,Manager,50900,2017-09-09
1074,Tasha,Stein,IT,Manager,46500,2019-09-22
1075,Dustin,Mitchell,Support,Specialist,32900,2018-04-01
1076,Tiffany,Murray,IT,Manager,56800,2023-11-12
1077,Jeremy,Moore,Operations,Supervisor,43800,2017-09-18
1078,Robert,Mclean,Operations,Manager,63800,2024-12-30
1079,Donna,Jackson,Finance,Manager,46000,2022-01-09
1080,Lisa,Reeves,Sales,Executive,41200,2019-08-04
1081,Rick,Edwards,HR,Assistant,29100,2017-09-19
1082,Richard,Phillips,Operations,Supervisor,48000,2019-05-30
1083,Penny,Ross,Sales,Associate,39800,2017-01-18
1084,David,Anderson,HR,Coordinator,35600,2019-11-07
1085,John,Rubio,IT,Manager,57700,2018-06-22
1086,Jill,Garcia,Sales,Associate,30600,2018-09-05
1087,Brandon,Franklin,IT,Manager,60800,2015-07-14
1088,Steven,Rios,Finance,Analyst,51700,2024-07-06
1089,Valerie,Hernandez,Operations,Supervisor,43400,2016-08-10
1090,John,Smith,Support,Agent,31500,2017-04-29
1091,Charles,Adams,Marketing,Executive,49300,2018-04-28
1092,Daniel,Horton,Finance,Manager,58800,2020-07-08
1093,Sean,Wong,HR,Assistant,25600,2016-01-24
1094,Tammy,Singleton,Sales,Manager,59400,2019-01-25
1095,Teresa,Melendez,Support,Manager,46500,2015-06-02
1096,Molly,Gordon,Finance,Manager,51900,2017-08-15
1097,Robert,Diaz,HR,Manager,66700,2022-12-17
1098,Mike,Miranda,IT,Developer,45500,2023-06-20
1099,Carl,Shaffer,HR,Assistant,28700,2020-12-01
1100,Sheri,Byrd,Support,Specialist,44900,2016-10-17
